{
  "model": {
    "type": "minecraft:select",
    "property": "minecraft:custom_model_data",
    "index": 0,
    "cases": [
      {
        "when": "1",
        "model": {
          "type": "minecraft:model",
          "model": "stellarity:item/harvester/molten_tier_1"
        }
      },
      {
        "when": "2",
        "model": {
          "type": "minecraft:model",
          "model": "stellarity:item/harvester/molten_tier_2"
        }
      },
      {
        "when": "3",
        "model": {
          "type": "minecraft:model",
          "model": "stellarity:item/harvester/molten_tier_3"
        }
      },
      {
        "when": "4",
        "model": {
          "type": "minecraft:model",
          "model": "stellarity:item/harvester/molten_tier_4"
        }
      }
    ],
    "fallback": {
      "type": "minecraft:model",
      "model": "stellarity:item/harvester/molten_tier_0"
    }
  }
}
