{
  "model": {
    "type": "minecraft:range_dispatch",
    "property": "minecraft:custom_model_data",
    "index": 0,
    "entries": [
      {
        "threshold": 1,
        "model": {
          "type": "minecraft:model",
          "model": "stellarity:item/harvester/tier_1"
        }
      },
      {
        "threshold": 2,
        "model": {
          "type": "minecraft:model",
          "model": "stellarity:item/harvester/tier_2"
        }
      },
      {
        "threshold": 3,
        "model": {
          "type": "minecraft:model",
          "model": "stellarity:item/harvester/tier_3"
        }
      },
      {
        "threshold": 4,
        "model": {
          "type": "minecraft:model",
          "model": "stellarity:item/harvester/tier_4"
        }
      }
    ],
    "fallback": {
      "type": "minecraft:model",
      "model": "stellarity:item/harvester/tier_0"
    }
  }
}
