{
  "type": "minecraft:crafting_shaped",
  "category": "equipment",
  "pattern": [
    "EEE",
    " S ",
    " S "
  ],
  "key": {
    "E": [
      "minecraft:emerald"
    ],
    "S": [
      "minecraft:stick"
    ]
  },
  "result": {
    "id": "minecraft:iron_pickaxe",
    "components": {
      "minecraft:max_damage": 960,
      "minecraft:item_model": "emerald-equipment:emerald_pickaxe",
      "minecraft:item_name": {
        "translate": "item.emerald-equipment.emerald_pickaxe"
      },
      "minecraft:repairable": {
        "items": "minecraft:emerald"
      },
      "minecraft:enchantable": {
        "value": 12
      },
      "minecraft:attribute_modifiers": [
        {
          "type": "minecraft:attack_damage",
          "id": "minecraft:base_attack_damage",
          "amount": 3.5,
          "operation": "add_value",
          "slot": "mainhand"
        },
        {
          "type": "minecraft:attack_speed",
          "id": "minecraft:base_attack_speed",
          "amount": -2.8,
          "operation": "add_value",
          "slot": "mainhand"
        }
      ]
    },
    "count": 1
  }
}