{
  "type": "minecraft:crafting_shaped",
  "category": "equipment",
  "pattern": [
    "E E",
    "E E"
  ],
  "key": {
    "E": [
      "minecraft:emerald"
    ]
  },
  "result": {
    "id": "minecraft:iron_boots",
    "components": {
      "minecraft:max_damage": 390,
      "minecraft:item_model": "emerald-equipment:emerald_boots",
      "minecraft:item_name": {
        "translate": "item.emerald-equipment.emerald_boots"
      },
      "minecraft:repairable": {
        "items": "minecraft:emerald"
      },
      "minecraft:enchantable": {
        "value": 12
      },
      "minecraft:attribute_modifiers": [
        {
          "type": "minecraft:armor",
          "id": "minecraft:armor.boots",
          "amount": 2,
          "operation": "add_value",
          "slot": "feet"
        },
        {
          "type": "minecraft:armor_toughness",
          "id": "minecraft:armor.boots",
          "amount": 1,
          "operation": "add_value",
          "slot": "feet"
        }
      ],
      "minecraft:equippable": {
        "slot": "feet",
        "equip_sound": "minecraft:item.armor.equip_diamond",
        "asset_id": "emerald-equipment:emerald"
      }
    },
    "count": 1
  }
}