{
  "type": "minecraft:crafting_shaped",
  "category": "equipment",
  "pattern": [
    "  E",
    " S ",
    "S  "
  ],
  "key": {
    "E": [
      "minecraft:emerald"
    ],
    "S": [
      "minecraft:stick"
    ]
  },
  "result": {
    "id": "minecraft:iron_spear",
    "components": {
      "minecraft:max_damage": 960,
      "minecraft:item_model": "emerald-equipment:emerald_spear",
      "minecraft:item_name": {
        "translate": "item.emerald-equipment.emerald_spear"
      },
      "minecraft:repairable": {
        "items": "minecraft:emerald"
      },
      "minecraft:enchantable": {
        "value": 14
      },
      "minecraft:attribute_modifiers": [
        {
          "type": "minecraft:attack_damage",
          "amount": 2.75,
          "id": "minecraft:base_attack_damage",
          "operation": "add_value",
          "slot": "mainhand"
        },
        {
          "type": "minecraft:attack_speed",
          "amount": -3,
          "id": "minecraft:base_attack_speed",
          "operation": "add_value",
          "slot": "mainhand"
        }
      ],
      "minecraft:kinetic_weapon": {
        "delay_ticks": 10,
        "dismount_conditions": {
          "max_duration_ticks": 70,
          "min_speed": 6.5
        },
        "knockback_conditions": {
          "max_duration_ticks": 140,
          "min_speed": 5.1
        },
        "damage_conditions": {
          "max_duration_ticks": 220,
          "min_relative_speed": 4.6
        },
        "forward_movement": 0.38,
        "damage_multiplier": 1.05,
        "sound": "minecraft:item.spear.use",
        "hit_sound": "minecraft:item.spear.hit"
      }
    },
    "count": 1
  }
}