{
  "display": {
    "icon": {
      "id": "minecraft:emerald"
    },
    "title": "Emeralds!",
    "description": "Acquire emeralds",
    "frame": "task",
    "show_toast": true,
    "announce_to_chat": true,
    "hidden": false
  },
  "parent": "minecraft:story/iron_tools",
  "criteria": {
    "emerald": {
      "trigger": "minecraft:inventory_changed",
      "conditions": {
        "items": [
          {
            "items": "minecraft:emerald"
          }
        ]
      }
    }
  },
  "requirements": [
    [
      "emerald"
    ]
  ],
  "rewards": {
    "recipes": [
      "emerald-equipment:emerald_axe",
      "emerald-equipment:emerald_boots",
      "emerald-equipment:emerald_chestplate",
      "emerald-equipment:emerald_helmet",
      "emerald-equipment:emerald_hoe",
      "emerald-equipment:emerald_horse_armor",
      "emerald-equipment:emerald_leggings",
      "emerald-equipment:emerald_nautilus_armor",
      "emerald-equipment:emerald_pickaxe",
      "emerald-equipment:emerald_shovel",
      "emerald-equipment:emerald_spear",
      "emerald-equipment:emerald_sword"
    ]
  }
}